pais,pais_completo,political_structure,regiao,continente,data_nacional,diplomata_designado,diplomata_nome,diplomata_genero,diplomata_data_admissao,diplomata_residente,embaixada_em_brasilia,embaixada_endereco,email_contato_1,email_contato_2,note
Afeganistão,República Islâmica do Afeganistão,,,Ásia,19/08,FALSE,FALSE,FALSE,FALSE,FALSE,FALSE,FALSE,info@embassyofafghanistan.org ,,
África do Sul,República da África do Sul,,,,27/04,TRUE,Joseph Ntshikiwane Mashimbye,homem,19/04/16,TRUE,TRUE,"SES Avenida das Nações, Quadra 801, Lote 6 - 70406-900 - Brasília - DF",brasilia.general@dirco.gov.za,,
Albânia,República da Albânia,,,,8/11,TRUE,Rezar Bregu,homem,28/09/18,TRUE,TRUE,"QI 19, SMDB Conj. 04, Lote 3 Casa D - Lago Sul - CEP 71680-040 - Brasília - DF",embassy.brasilia@mfa.gov.al,,
Alemanha,República Federal da Alemanha,,,,3/10,TRUE,Johann Georg Michael Witschel,homem,02/09/16,TRUE,TRUE,"SES Avenida das Nações, Quadra 807, Lote 25 - 70415-900 - Brasília - DF",info@brasilia.diplo.de,,
Andorra,Principado de Andorra,,,,FALSE,FALSE,FALSE,FALSE,FALSE,FALSE,FALSE,FALSE,FALSE,,
Angola,República de Angola,,,,11/11,TRUE,Florêncio Mariano da Conceição de Almeida,homem,13/09/19,TRUE,TRUE,"SHIS QL 6, Conjunto 5, Casa 1 - 71620-055 - Brasília - DF",embaixada.brasil@mirex.gov.ao,,
Antígua e Barbuda,Antígua e Barbuda,,,,1/11,FALSE,FALSE,FALSE,FALSE,FALSE,FALSE,FALSE,foreignaffairs@ab.gov.ag,,
Arábia Saudita,Reino da Arábia Saudita,,,,23/09,TRUE,Ali Abdullah Bahitham,homem,15/04/19,TRUE,TRUE,"SHIS QI 9, Conjunto 9, Casa 18 - 71625-090 - Brasília - DF",bremb@mofa.gov.sa,,
Argélia,República Argelina Democrática e Popular,,,,1/11,TRUE,Toufik Dahmani,homem,04/03/15,TRUE,TRUE,"SHIS QI 9, Conjunto 13, Casa 1 - 70472-900 - Brasília - DF",sanag277@terra.com.br,argelia.bsb@gmail.com,
Argentina,República Argentina,,,,25/05,FALSE,FALSE,FALSE,FALSE,FALSE,TRUE,"SES Avenida das Nações, Quadra 803, Lote 12 - 70200-905 - Brasília - DF",ebras@mrecic.gov.ar,,
Armênia,República da Armênia,,,,21/09,TRUE,Ashot Galoyan,homem,04/04/14,TRUE,TRUE,"SHIS QL 28, Conjunto 1, Casa 16 - 71665-215 - Brasília - DF",armbrasilembassy@mfa.am,,
Austrália,Comunidade da Austrália,,,,26/01,TRUE,Timothy Francis Kane,homem,21/11/18,TRUE,TRUE,"SES Avenida das Nações, Quadra 801, Conjunto K, Lote 7 - 70200-010 - Brasília - DF",embaustr@dfat.gov.au,,
Áustria,República da Áustria,,Europa Central,Europa,26/10,TRUE,Irene Giner-Reichl,mulher,06/07/17,TRUE,TRUE,"SES Avenida das Nações, Quadra 811, Lote 40 - 70426-900 - Brasília - DF",brasilia-ob@bmeia.gv.at,,
Azerbaijão,República do Azerbaijão,,,,28/05,TRUE,Elkhan Polukhov,homem,31/01/17,TRUE,TRUE,"SHIS QI 9, Conjunto 15, Casa 15 - 71625-150 Brasília - DF",brasilia@mission.mfa.gov.az,,
Bahamas,Comunidade das Bahamas,,,,10/07,FALSE,FALSE,FALSE,FALSE,FALSE,FALSE,FALSE,FALSE,,
Bangladesh,República Popular do Bangladesh,,,,26/03,TRUE,Zulfiqur Rahman,homem,09/01/18,TRUE,TRUE,"SHIS QL 12, conjunto 1, casa 3 - 71630-215 – Brasília - DF",embaixadabangladesh@gmail.com,,
Barbados,Barbados,,América Central,América ,30/11,TRUE,Tonika Maria Sealy Thompson,mulher,17/12/18,TRUE,TRUE,"SHIS QI 13, Conjunto 10, Casa 03 - 71635-100 - Brasília - DF",embbarbados@hotmail.com,,
Bahrein,Reino do Bahrein,,,,15/08,FALSE,FALSE,FALSE,FALSE,FALSE,TRUE,"SHIS QI 11, conj. 10, casa 5, Lago Sul - CEP 71625-300 Brasília, DF",embaixada.bahrein@mofa.gov.bh,,
Belarus,República da Belarus,,,,03/07,TRUE,Aleksandr Tserkovsky,homem,01/09/16,TRUE,TRUE,"SHIS QI 7, Conjunto 9, Casa 17 - 71.615-290 – Brasília - DF",brazil@mfa.gov.by,,
Bélgica,Reino da Bélgica,,,,21/07,TRUE,Patrick Hermann,homem,21/08/18,TRUE,TRUE,"SES Avenida das Nações, Quadra 809, Lote 32 - 70.422-900 - Brasília - DF",brasilia@diplobel.fed.be,,
Belize,Belize,,,,21/09,FALSE,FALSE,FALSE,FALSE,FALSE,FALSE,FALSE,FALSE,,
Benin,República do Benin,,,,01/08,TRUE,Boniface Vignon,homem,25/05/17,TRUE,TRUE,"SHIS QI 9, Conjunto 11, Casa 24 - 71.625-110 - Brasília - DF",ambabeninbrasilia@yahoo.fr,,
Bolívia,Estado Plurinacional da Bolívia,,,,06/08,FALSE,FALSE,FALSE,FALSE,FALSE,TRUE,"SES Avenida das Nações, Quadra 809, lote 34 - 70.200-090 - Brasília - DF",embolivia@embolivia.org.br,,
Bósnia e Herzegovina,Bósnia e Herzegovina,,,,01/03,TRUE,Haris Hrle,homem,26/06/17,FALSE,FALSE,FALSE,FALSE,,
Botsuana,República do Botsuana,,África Austral,África,30/09,TRUE,Tebogo Teko Lily Motshome,mulher,15/10/18,TRUE,TRUE,"SHIS QI 9, Conjunto 16, Casa 3 - 71.625-160 – Brasília - DF",botbraz@go.bw ,info@botbraz.org.br,
Brunei,Estado do Brunei Darussalam,,,,01/01,TRUE,Pengiran Haji Kamal Bashah bin Pengiran Haji Ahmad,homem,22/03/16,FALSE,FALSE,FALSE,bhco@bellnet.ca,,
Bulgária,República da Bulgária,,,,03/03,FALSE,FALSE,FALSE,FALSE,FALSE,TRUE,SEN 8 - Asa Norte - 70800-911 - Brasília - DF,embassy.brasilia@mfa.bg,secretaria.brasilia@bgembassy.com.br,
Burkina Faso,Burkina Faso,,África Oriental,África,11/12,TRUE,Aminata Sana Congo,mulher,11/12/18,TRUE,TRUE,SHIS QL 14 conjunto 9 casa 1 – Lago Sul - 71640-095 – Brasília/DF,amburkinabras@gmail.com,,
Burúndi,República do Burundi,,,,01/07,TRUE,Pauline Ruratotoye,homem,18/09/19,TRUE,TRUE,"SHIS QI 21 Conjunto 01, Casa 16 - Lago Sul - 71.655-210 - Brasília - DF",ambaburundibrasilia@gmail.com,,
Butão,Reino do Butão,,Sul da Ásia,Ásia,17/12,TRUE,Doma Tshering,mulher,24/04/18,FALSE,FALSE,FALSE,FALSE,,
Cabo Verde,República de Cabo Verde,,,,05/07,TRUE,Domingos Dias Pereira Mascarenhas,homem,12/02/14,TRUE,TRUE,SHIS QL 14 conjunto 3 casa 8 – Lago Sul - 71.640-035 - Brasília / DF,embcvbrasil@embcv.org.br,,
Camboja,Reino do Camboja,,,,09/11,FALSE,FALSE,FALSE,FALSE,FALSE,FALSE,FALSE,FALSE,,
Cameroun,República do Cameroun,,,,20/05,TRUE,Martin Agbor Mbeng,homem,26/08/08,TRUE,TRUE,SHIS QI 15 conjunto 14 casa 17 – Lago Sul - 71.635-340 - Brasília / DF,embcameroun@embcameroun.org.br,,
Canadá,Canadá,,América do Norte,América,01/07,TRUE,Jennifer May,mulher,03/09/19,TRUE,TRUE,SES Avenida das Nações quadra 803 lote 16 - 70.410-900 – Brasília / DF,brsla@international.gc.ca,,
Catar,Estado do Catar,,,,18/12,TRUE,Ahmed Ibrahim Abdulla Alabdulla,homem,08/08/18,TRUE,TRUE,SHIS QL 20 conjunto 1 casa 19 – Lago Sul - 71.650-115 - Brasília /DF,brasilia@mofa.gov.qa,,
Cazaquistão,República do Cazaquistão,,,,16/12,TRUE,Kairat Sarzhanov,homem,18/04/16,TRUE,TRUE,SHIS QI 9 conjunto 3 casa 8 - Lago Sul - 71.625-030 - Brasília / DF,brasilia@mfa.kz ,,
Chade,República do Chade,,,,11/08,FALSE,FALSE,FALSE,FALSE,FALSE,FALSE,FALSE,FALSE,,
Chile,República do Chile,,,,18/09,TRUE,Fernando Schmidt Ariztía,homem,26/04/18,TRUE,TRUE,SES Avenida das Nações quadra 803 lote 11 - 70.407-900 – Brasília / DF,echile.brasil@minrel.gob.cl,,
China,República Popular da China,,,,01/10,TRUE,Yang Wanming,homem,27/12/18,TRUE,TRUE,SES Avenida das Nações quadra 813 lote 51 - 70.443-900 – Brasília / DF,embaixadadachina@hotmail.com,,
Chipre,República de Chipre,,,,01/10,TRUE,Haralambos Kafkarides,homem,19/09/16,TRUE,TRUE,"SHIS QI 9, conjunto 20, casa 2, Lago Sul - 71.625-200 – Brasília / DF",brasiliaembassy@mfa.gov.cy,,
Colômbia,República da Colômbia,,,,20/06,TRUE,Darío Alonso Montoya Mejía,homem,07/05/19,TRUE,TRUE,SES Avenida das Nações quadra 803 lote 10 - 70.444-900 – Brasília / DF,ebrasili@cancilleria.gov.co,,
Comores,União das Comores,,,,06/07,FALSE,FALSE,FALSE,FALSE,FALSE,FALSE,FALSE,FALSE,,
R. Dem. do Congo,República Democrática do Congo,,,,30/07,TRUE,Mutombo Bakafwa Nsenda,homem,08/12/15,TRUE,TRUE,SHIS QI 9 conjunto 13 casa 12 - Lago Sul - 71.625-130 - Brasília / DF,ambaredeco@ig.com.br,,
Rep. do Congo,República do Congo,,,,15/08,TRUE,Louis Sylvain-Goma,homem,03/12/12,TRUE,TRUE,SHIS QL 8 conjunto 5 casa 6 – Lago Sul - 71.620-255 - Brasília / DF,ambacobrazza@gmail.com,,
Coreia do Norte,República Popular Democrática da Coreia,,,,09/09,TRUE,Kim Chol Hak,homem,14/05/15,TRUE,TRUE,"SHIS QI 25, Conjunto 10, Casa 11 – Lago Sul - 71.660-300 – Brasília / DF",embrpdcoreia@hotmail.com,,
Coreia do Sul,República da Coreia,,,,03/10,TRUE,Chan-woo Kim,homem,14/05/18,TRUE,TRUE,SEN Avenida das Nações lote 14 - 70.800-915 – Brasília / DF,coreiabrasil@gmail.com,ambcoreia@gmail.com,
Costa Rica,República da Costa Rica,,,,15/09,TRUE,Norman Lizano Ortiz,homem,09/07/19,TRUE,TRUE,SRTVN 701 conjunto C ala A salas 308/310 - Edifício Centro Empresarial Norte - 70.719-903 - Brasília / DF,embcr-br@rree.go.cr,,
Costa do Marfim,República da Côte d'Ivoire,,,,07/09,FALSE,FALSE,FALSE,FALSE,FALSE,TRUE,SEN Avenida das Nações lote 9 - 70.473-900 - Brasília / DF,cotedivoire@cotedivoire.org.br,ambacotedivoire.bresil@yahoo.fr,
Croácia,República da Croácia,,,,30/05,TRUE,Ranko Vilović,homem,01/12/19,TRUE,TRUE,SHIS QI 9 conjunto 11 casa 3 – Lago Sul - 71.625-110 - Brasília / DF,croemb.brasilia@mvep.hr,,
Cuba,República de Cuba,,América Central,América,01/12,TRUE,Marielena Ruiz Capote,mulher,13/11/13,TRUE,TRUE,SHIS QI 5 conjunto 18 casa 1 – Lago Sul - 71.615-180 - Brasília / DF,embacuba@uol.com.br,,
Dinamarca,Reino da Dinamarca,,,,16/04,TRUE,Nicolai Prytz,homem,03/09/18,TRUE,TRUE,SES Avenida das Nações lote 26 quadra 807 - 70.200-900 - Brasília / DF,bsbamb@um.dk,,
Djibouti,República do Djibouti,,,,27/06,TRUE,Ayeid Mousseid Yahya,homem,03/05/10,FALSE,FALSE,FALSE,embdjib@enet.cu,,
Dominica,Comunidade da Dominica,,América Central,América,03/11,TRUE,Jennifer Margaret Aird,mulher,17/08/15,FALSE,FALSE,FALSE,chancellery@domini.dm,,
Egito,República Árabe do Egito,,,,23/07,TRUE,Wael Ahmed Kamal Aboul Magd,homem,19/11/2019,TRUE,TRUE,SEN Avenida das Nações lote 12 - 70.800-914 - Brasília / DF,embassy.egypt.brasilia@gmail.com,,
El Salvador,República de El Salvador,,América Central,América,15/09,TRUE,Cindy Mariella Portal Salazar,mulher,20/11/2019,TRUE,TRUE,SHIS QI 09 conjunto 02 casa 15 – Lago Sul - 71.625-020 - Brasília / DF,embelsalvador.brasil@hotmail.com,,
Emirados Árabes Unidos,Emirados Árabes Unidos,,Golfo Pérsico,Ásia,02/12,TRUE,Hafsa Abdulla Mohamed Sharif Al Ulama,mulher,18/01/17,TRUE,TRUE,SHIS QI 5 chácara 54 – Lago Sul - 71.600-580 – Brasília / DF,brasiliaEMB@mofa.gov.ae,,
Equador,República do Equador,,,,10/08,TRUE,Diego Antonio Ribadeneira Espinosa,homem,29/01/18,TRUE,TRUE,SHIS QL 10 - Conjunto 08 - Casa 01 - Lago Sul - Brasília - DF - 71630-085,embaixada.equador@solar.com.br,,
Eritréia,Estado da Eritreia,,,,24/05,FALSE,FALSE,FALSE,FALSE,FALSE,FALSE,FALSE,FALSE,,
Eslováquia,República Eslovaca,,,,01/09,TRUE,Milan Zachar,homem,21/11/18,TRUE,TRUE,SES Avenida das Nações quadra 805 lote 21B - 70.200-902 – Brasília / DF,emb.brasilia@mzv.sk,,
Eslovênia,República da Eslovênia,,,,25/06,TRUE,Gorazd Renčelj,homem,05/09/19,TRUE,TRUE,SHIS QL 8 conjunto 8 casa 7 - Lago Sul - 71.620-285 – Brasília / DF,vbi@gov.si,,
Espanha,Espanha,,,,12/10,TRUE,Fernando García Casas,homem,10/10/18,TRUE,TRUE,SES Avenida das Nações quadra 811 lote 44 - 70.429-900 – Brasília / DF,emb.brasilia@maec.es,,
Estados Unidos,Estados Unidos da América,,,,04/07,TRUE,Todd C. Chapman,homem,30/03/20,TRUE,TRUE,SES Avenida das Nações quadra 801 lote 3 -  70.403-900 – Brasília / DF,FALSE,,
Estônia,República da Estônia,,,,24/02,TRUE,Mart Tarmak,homem,11/08/14,FALSE,FALSE,FALSE,FALSE,,
Etiópia,República Democrática Federal da Etiópia,,,,28/05,TRUE,Yalew Abate Reta,homem,26/12/18,TRUE,TRUE,SHIS QI 7 conjunto 4 casa 9 – Lago Sul - 71.615-240 - Brasília / DF,ethiobrazil@ethiopianembassy.org.br,,
Fíji,República de Fiji,,,,10/10,FALSE,FALSE,FALSE,FALSE,FALSE,FALSE,FALSE,FALSE,,
Filipinas,República das Filipinas,,Sudeste Asiático,Ásia,12/06,TRUE,Marichu Barredo Mauro,mulher,11/04/18,TRUE,FALSE,FALSE,FALSE,,
Finlândia,República da Finlândia,,,,06/12,TRUE,Jouko Johannes Leinonen,homem,03/09/18,TRUE,TRUE,SES Avenida das Nações quadra 807 lote 27 - 70.417-900 - Brasília / DF,sanomat.bra@formin.fi,,
França,República Francesa,,Europa Ocidental,Europa,14/07,TRUE,Brigitte Collet,mulher,28/05/20,TRUE,TRUE,SES Avenida das Nações quadra 801 lote 4 - 70.404-900 - Brasília / DF,cad.brasilia-amba@diplomatie.gouv.fr,,
Gabão,República Gabonesa,,,,17/08,TRUE,Jacques Michel Moudoute-Bell,homem,20/10/15,TRUE,TRUE,SHIS QI 09 conjunto 11 casa 09 – Lago Sul - 71.625-110 - Brasília / DF,bresil.embgabon@gmail.com,,
Gâmbia,República Islâmica da Gâmbia,,,,18/02,FALSE,FALSE,FALSE,FALSE,FALSE,FALSE,FALSE,FALSE,,
Gana,República de Gana,,África Ocidental,África,06/03,TRUE,Abena Pokua Adompim Busia,mulher,10/01/18,TRUE,TRUE,SHIS QL 10 conjunto 8 casa 2 – Lago Sul - 71.630-085 - Brasília / DF,embgana@gmail.com,ghanaembassy@brazilmail.com,
Geórgia,Geórgia,,,,26/05,TRUE,David Solomonia,homem,01/08/17,TRUE,TRUE,SHIS QI 7 conjunto 11 casa 1 – Lago Sul - 71615-310 – Brasília/DF,brazil.emb@mfa.gov.ge,,
Granada,Granada,,,,07/02,FALSE,FALSE,FALSE,FALSE,FALSE,FALSE,FALSE,FALSE,,
Grécia,República Helênica,,,,25/03,TRUE,Ioannis Pediotis,homem,04/12/17,TRUE,TRUE,SES Avenida das Nações quadra 805 lote 22 - 70.480-900 - Brasília / DF,gremb.bra@mfa.gr,,
Guatemala,República da Guatemala,,,,15/09,TRUE,Pedro Amado Robles Valle,homem,17/12/2019,TRUE,TRUE,SHIS QI 3 conjunto 9 casa 7 – Lago Sul - 71.605-290 - Brasília / DF,embaguate-brasil@minex.gob.gt,embaguate.brasil@gmail.com,
Guiana,República Cooperativista da Guiana,,,,23/02,TRUE,George Wilfred Steir Talbot,homem,08/08/16,TRUE,TRUE,SHIS QI 5 conjunto 19 casa 24 – Lago Sul - 71.615-190 - Brasília / DF,embguyana@embguyana.org.br,,
Guiné (Conacri),República da Guiné,,,,02/10,TRUE,Kabiné Kondé,homem,18/03/19,TRUE,TRUE,SHIS QI 07 - Conjunto 03 - Casa 01 – Lago Sul - 71.615-230 – Brasília / DF,ambaguibrasil@terra.com.br,,
Guiné-Bissau,República da Guiné-Bissau,,,,24/09,FALSE,FALSE,FALSE,FALSE,FALSE,TRUE,"SHIS QL 20, conjunto 02, casa 17, Lago Sul - 71.650-125 - Brasília/DF",embaguibrasil@gmail.com,,
Guiné Equatorial,República da Guiné Equatorial,,,,12/10,TRUE,Juan Ndong Nguema,homem,28/12/18,TRUE,TRUE,SHIS QL 10 conjunto 9 casa 1 – Lago Sul - 70.630–095 – Brasília / DF,embaixada@gequatorial.org.br,,
Haiti,República do Haiti,,,,01/01,FALSE,FALSE,FALSE,FALSE,FALSE,TRUE,SHIS QI 13 conjunto 8 casa 18 – Lago Sul - 71.635-080 – Brasilia / DF,secretariat@ambassadehaitibresil.org,,
Honduras,República de Honduras,,,,15/09,TRUE,Embaixador Jorge Alberto Milla Reyes,homem,17/02/20,TRUE,TRUE,SHIS QI 19 conjunto 7 casa 34 – Lago Sul - 71.655-070 - Brasília / DF,embajada@embajadahondurasbrasil.com,,
Hungria,Hungria,,,,20/08,TRUE,Zoltán Szentgyörgyi,homem,01/09/18,TRUE,TRUE,SES Avenida das Nações quadra 805 lote 19 - 70.413-900 – Brasília / DF,mission.brz@mfa.gov.hu,,
Iêmen,República do Iêmen,,,,22/05,TRUE,Ahmed Awad Binmubarak,homem,06/02/20,FALSE,FALSE,FALSE,gamdan-hav@enet.cu,,
Ilhas Cook,Ilhas Cook,,,,04/08,FALSE,FALSE,FALSE,FALSE,FALSE,FALSE,FALSE,FALSE,,
Ilhas Marshall,República das Ilhas Marshall,,,,01/05,FALSE,FALSE,FALSE,FALSE,FALSE,FALSE,FALSE,FALSE,,
Ilhas Salomão,Ilhas Salomão,,,,07/05,FALSE,FALSE,FALSE,FALSE,FALSE,FALSE,FALSE,FALSE,,
Índia,República da Índia,,,,26/01,TRUE,Ashok Das,homem,14/03/18,TRUE,TRUE,SES Avenida das Nações quadra 805 lote 24 - 70.452-901 – Brasília / DF,media.brasilia@mea.gov.in,,
Indonésia,República da Indonésia,,,,17/08,TRUE,Edi Yusup,homem,13/03/19,TRUE,TRUE,SES Avenida das Nações quadra 805 lote 20 - 70.479-900 - Brasília / DF,brasilia.kbri@kemlu.go.id,,
Irã,República Islâmica do Irã,,,,11/02,TRUE,Hossein Gharibi,homem,25/03/20,TRUE,TRUE,SES Avenida das Nações quadra 809 lote 31 - 70.421-900 – Brasília / DF,iranemb.bsb@mfa.gov.ir,,
Iraque,República do Iraque,,,,FALSE,FALSE,FALSE,FALSE,FALSE,FALSE,TRUE,SES Avenida das Nações quadra 815 lote 64 - 70.430-900 – Brasília / DF,brzemb@mofa.gov.iq,,
Irlanda,Irlanda,,,,17/03,TRUE,Seán Hoy,homem,07/12/18,TRUE,TRUE,SHIS QL 12 conjunto 5 casa 9 – Lago Sul - 71.630-255 – Brasília / DF,brasiliaembassy@dfa.ie,,
Islândia,República da Islândia,,,,17/06,TRUE,Geir H. Haarde,homem,26/06/17,FALSE,FALSE,FALSE,icemb.wash@utn.stjr.is,,
Israel,Estado de Israel,,,,14/05,TRUE,Yossi Shelley,homem,03/03/17,TRUE,TRUE,SES Avenida das Nações quadra 809 lote 38 - 70.424-900 – Brasília / DF,info@brasilia.mfa.gov.il,,
Itália,República Italiana,,,,02/06,TRUE,Francesco Azzarelo,homem,07/01/20,TRUE,TRUE,SES Avenida das Nações quadra 807 lote 30 - 70.420-900 - Brasília / DF,ambasciata.brasilia@esteri.it,,
Jamaica,Jamaica,,América Central,América,06/08,TRUE,Sharon Joyce Miller,mulher,04/07/18,TRUE,TRUE,SHIS QL 02 Conjunto 04 Casa 02 - Lago Sul - 71610-045 - Brasília / DF,embajam@jamaicanembassy.br.com,,
Japão,Japão,,,,23/02,TRUE,Akira Yamada,homem,16/08/17,TRUE,TRUE,SES Avenida das Nações quadra 811 lote 39 - 70.425-900 - Brasília / DF,FALSE,,
Jordânia,Reino Haxemita da Jordânia,,,,25/05,FALSE,FALSE,FALSE,FALSE,FALSE,TRUE,SHIS QI 9 conjunto 18 casa 14 - Lago Sul - 71.625-180 - Brasília / DF,secretaria@embjordania.com,,
Kiribati,República de Kiribati,,,,12/06,FALSE,FALSE,FALSE,FALSE,FALSE,FALSE,FALSE,FALSE,,
Kuwait,Estado do Kuwait,,,,25/02,TRUE,Nasser Riden Thamer Almotairi,homem,01/10/18,TRUE,TRUE,SHIS QL 8 conjunto 8 casa 2 - Lago Sul - 71.620-285 - Brasília / DF,kuwait@embkuaite.com.br,,
Laos,República Popular Democrática do Laos,,,,19/07,FALSE,FALSE,FALSE,FALSE,FALSE,FALSE,FALSE,FALSE,,
Lesoto,Reino do Lesoto,,,,04/10,TRUE,Eliachim Molapi Sebatane,homem,03/09/12,FALSE,FALSE,FALSE,lesothoembassy@verizon.net,,
Letônia,República da Letônia,,Balcãs,Europa,18/11,TRUE,Alda Vanaga,mulher,16/03/12,FALSE,FALSE,FALSE,mfa.cha@mfa.gov.lv,,
Líbano,República Libanesa,,,,22/11,TRUE,Joseph Sayah,homem,15/02/13,TRUE,TRUE,SES Avenida das Nações quadra 805 lote 17 - 70.411-900 - Brasília / DF,FALSE,,
Libéria,República da Libéria,,,,26/07,FALSE,FALSE,FALSE,FALSE,FALSE,FALSE,FALSE,FALSE,,
Líbia,Estado da Líbia,,,,24/12,FALSE,FALSE,FALSE,FALSE,FALSE,TRUE,SHIS QI 15 chácara 26 – Lago Sul - 71.600-750 – Brasília / DF,emblibia@terra.com.br,,
Liechtenstein,Principado do Liechtenstein,,,,15/08,FALSE,FALSE,FALSE,FALSE,FALSE,FALSE,FALSE,FALSE,,Os interesses do Principado de Liechtenstein são representados pela Suíça
Lituânia,República da Lituânia,,,,16/02,FALSE,FALSE,FALSE,FALSE,FALSE,FALSE,FALSE,kons.br@mfa.lt,,
Luxemburgo,Grão-Ducado de Luxemburgo,,,,23/06,TRUE,Carlo Krieger,homem,06/06/17,TRUE,TRUE,"SHIS QL 12, Conjunto 05, Casa 18, Lago Sul - CEP: 71630-255 - Brasília/DF",brasilia.amb@mae.etat.lu,,
Macedônia do Norte,República da Macedônia do Norte,República,,,08/09,TRUE,Ivica Bocevski,homem,03/05/16,TRUE,TRUE,SHIS QL 26 conjunto 5 lote 15 – Lago Sul - CEP: 71.665-155 – Brasília / DF,brasilia@mfa.gov.mk,,
Madagascar,República de Madagascar,República,,,26/06,FALSE,FALSE,FALSE,FALSE,FALSE,FALSE,FALSE,FALSE,,
Malásia,Malásia,FALSE,,,31/08,TRUE,Lim Juay Jin,homem,18/10/17,TRUE,TRUE,SHIS QI 5 chácara 62 – Lago Sul - 70.477-900 – Brasília / DF,mwbrasilia@terra.com.br,,
Malawi,República do Malawi,República,,,06/07,TRUE,Brian Bowler,homem,09/09/16,TRUE,TRUE,"SHIS QI 03, Conjunto 3, Casa 1 - 71605-230 – Brasília - DF",malawiembassybrazil@bol.com,,
Maldivas,República das Maldivas,República,,,26/07,FALSE,FALSE,FALSE,FALSE,FALSE,FALSE,FALSE,FALSE,,
Mali,República do Mali,República,,,22/09,TRUE,Mamadou Macki Traoré,homem,04/09/15,TRUE,TRUE,SHIS QI 07 conjunto 2 casa 04 - Lago Sul - 71.615-220 – Brasília/DF,ambassademalibrasilia@gmail.com,,
Malta,República de Malta,República,,,21/09,TRUE,Pius Joseph Camilleri,homem,01/09/15,FALSE,FALSE,FALSE,FALSE,,
Marrocos,Reino do Marrocos,Reino,,,30/07,TRUE,Nabil Adghoghi,homem,14/11/16,TRUE,TRUE,SEN Avenida das Nações quadra 801 lote 2 - 70.800-920 – Brasília / DF,emb.marrocos.br@emaec.gov.ma,,
Maurício,República de Maurício,República,,,12/03,TRUE,Sooroojdev Phokeer,homem,05/09/2018,FALSE,FALSE,FALSE,FALSE,,
Mauritânia,República Islâmica da Mauritânia,República Islâmica,,,28/11,TRUE,Abdoulaye Idrissa Wagne,homem,24/02/16,TRUE,TRUE,SHIS QI 9 conjunto 3 casa 9 – Lago Sul - 71.625-030 – Brasília / DF,ambarimbrasilia@gmail.com,ambarimbrasilia@diplomatie.gov.mr,
México,Estados Unidos Mexicanos,Estados Unidos,,,16/09,TRUE,José Ignacio Piña Rojas,homem,03/06/19,TRUE,TRUE,SES Avenida das Nações quadra 805 lote 18 - 70.412-900 – Brasília / DF,embajadamexbra@sre.gob.mx ,,
Micronésia,Estados Federados da Micronésia,Estados Federados,,,03/11,FALSE,FALSE,FALSE,FALSE,FALSE,FALSE,FALSE,FALSE,,
Moçambique,República de Moçambique,República,,,25/06,TRUE,Gamiliel Sepúlveda João Munguambe,homem,23/10/18,TRUE,TRUE,SHIS QL 6 conjunto 4 casa 2 - Lago Sul - 71.620-045 - Brasília / DF, embaixada@mozambique.org.br,secretariadoembaixador@mozambique.org.br,
Moldova,República da Moldova,República,,,27/08,FALSE,FALSE,FALSE,FALSE,FALSE,FALSE,FALSE,FALSE,,
Mônaco,Principado de Mônaco,Principiado,,,19/11,FALSE,FALSE,FALSE,FALSE,FALSE,FALSE,FALSE,FALSE,,
Mongólia,Mongólia,FALSE,Ásia Oriental,Ásia,11/07,TRUE,Sosormaa Chuluunbaatar,mulher,10/10/14,FALSE,FALSE,FALSE,FALSE,,
Montenegro,Montenegro,FALSE,,,21/05,TRUE,Gordan Stojović,homem,18/06/14,FALSE,FALSE,FALSE,argentina@mfa.gov.me,,
Myanmar,República da União de Myanmar,República,,,04/01,TRUE,Myo Tint,homem,04/01/18,TRUE,TRUE,"SHIS QI 7 conjunto 9, casa 2 – Lago Sul - 71.615-290 – Brasília / DF",mebrasilia@gmail.com,,
Namíbia,República da Namíbia,República,,,21/03,TRUE,Samuel Sheefeni Nuuyoma,homem,26/01/16,TRUE,TRUE,SHIS QI 9 conjunto 8 casa 11 – Lago Sul - 71.625-080 – Brasília / DF,info@embassyofnamibia.org.br,,
Nauru,República de Nauru,República,,,31/01,FALSE,FALSE,FALSE,FALSE,FALSE,FALSE,FALSE,FALSE,,
Nepal,República Democrática Federal do Nepal,República,,,FALSE,TRUE,Tara Prasad Pokharel,homem,22/09/16,TRUE,TRUE,SHIS QI 11 conjunto 3 casa 20 – Lago Sul - 71.625-230 – Brasília / DF,embaixadanepal@gmail.com,,não há uma data nacional específica
Nicarágua,República da Nicarágua,República,América Central,América,15/09,TRUE,Lorena del Carmen Martínez,mulher,07/08/13,TRUE,TRUE,SHIS QI 24 Conjunto 01 Casa 16 – Lago Sul - 71.665-015 – Brasília / DF,embajada.brasil@cancilleria.gob.ni,,
Níger,República do Níger,República,,,18/12,FALSE,FALSE,FALSE,FALSE,FALSE,FALSE,FALSE,FALSE,,
Nigéria,República Federal da Nigéria,República,,,01/10,TRUE,Christopher John Nonyelum Okeke,homem,18/09/17,TRUE,TRUE,"SEN Avenida das Nações, Qd. 801, lote 5 - 70.800-918 – Brasília / DF",admin@nigerianembassy-brazil.org, social.sec@nigerianembassy-brazil.org,
Noruega,Reino da Noruega,Reino,,,17/05,TRUE,Nils Martin Gunneng,homem,30/08/17,TRUE,TRUE,SES Avenida das Nações quadra 807 lote 28 - 70.418-900 - Brasília / DF,emb.brasilia@mfa.no,,
Nova Zelândia,Nova Zelândia,FALSE,,,06/02,TRUE,Christopher John Langley,homem,11/06/18,TRUE,TRUE,SHIS QI 9 conjunto 16 casa 1 – Lago Sul - 71.625-160 – Brasília / DF,emb.novazelandia@gmail.com,,
Omã,Sultanato de Omã,Sultanato,,,18/11,TRUE,Amad Hamood Salim Al Abri,homem,14/02/17,TRUE,TRUE,SHIS QI 25 Conjunto 4 Casa 2 – Lago Sul - 71.660-200 - Brasília - DF,embaixada.oma@gmail.com,,
Ordem Soberana e Militar de Malta,Ordem Soberana e Militar de Malta,FALSE,,,24/06,TRUE,Bernard Camille Paul Mencier,homem,16/11/11,TRUE,TRUE,Avenida W3 Norte quadra 507 bloco C - 70.740-535 - Brasília / DF,osmm@terra.com.br,,
Países Baixos (Holanda),Reino dos Países Baixos,Reino,,,27/04,TRUE,Cornelis van Rij,homem,17/08/18,TRUE,TRUE,SES Avenida das Nações quadra 801 lote 5 - 70.405-900 - Brasília / DF,bra@minbuza.nl,,
Palau,República de Palau,República,,,01/10,FALSE,FALSE,FALSE,FALSE,FALSE,FALSE,FALSE,FALSE,,
Palestina,Estado da Palestina,Estado,,,15/11,TRUE,Ibrahim Mohamed Khalil Alzeben,homem,30/04/08,TRUE,TRUE,SEN – Setor de Embaixadas Norte Lote 46 - CEP: 70. 800-400 – Brasília / DF,embaixadapalestina@terra.com.br,,
Panamá,República do Panamá,República ,,,03/11,FALSE,FALSE,FALSE,FALSE,FALSE,TRUE,SES Avenida das Nações quadra 803 lote 9 - 70.200-030 - Brasília / DF,secretaria@panaembabrasil.com.br,,
Papua Nova Guiné,Estado Independente da Papua Nova Guiné,Estado,,,16/09,FALSE,FALSE,FALSE,FALSE,FALSE,FALSE,FALSE,FALSE,,
Paquistão,República Islâmica do Paquistão,República Islâmica,,,23/05,TRUE,Najm us Saqib,homem,13/05/17,TRUE,TRUE,SHIS QI 15 conjunto 8 casa 1 – Lago Sul - 71.635-280 - Brasília - DF,pakccsp@yahoo.com,,
Paraguai,República do Paraguai,República,,,15/05,TRUE,Juan Ángel Delgadillo,homem,18/09/19,TRUE,TRUE,SES Avenida das Nações quadra 811 lote 42 - 70.427-900 - Brasília / DF,secretaria@embaparaguai.org.br,,
Peru,República do Peru,República,,,28/07,TRUE,Javier Raul Martin Yépez Verdeguer,homem,01/04/19,TRUE,TRUE,SES Avenida das Nações quadra 811 lote 43 - 70.428-900 - Brasília / DF,embperu@embperu.org.br,,
Polônia,República da Polônia,República,,,03/05,TRUE,Jakub Tadeus Skiba,homem,03/03/2020,TRUE,TRUE,SES Avenida das Nações Quadra 809 lote 33 - 70.423-900 - Brasília / DF,brasilia.embaixada@msz.gov.pl,,
Portugal,República Portuguesa,República,,,10/06,TRUE,Jorge Tito Vasconcelos Nogueira Dias Cabral,homem,12/09/16,TRUE,TRUE,SES Avenida das Nações quadra 801 lote 2 - 70.402-900 - Brasília / DF,embaixadadeportugal@embport.org.br,,
Quênia,República do Quênia,República,,,12/12,FALSE,FALSE,FALSE,FALSE,FALSE,TRUE,SHIS QL 10 conjunto 8 casa 8 - Lago Sul - 71.630-085 - Brasília – DF,info@kenyaembassybrasilia.com,kirimik@me.com,
Quirguistão,República Quirguiz,República,,,31/08,FALSE,FALSE,FALSE,FALSE,FALSE,FALSE,FALSE,FALSE,,
Reino Unido,Reino Unido da Grã-Bretanha e Irlanda do Norte,Reino,,,FALSE,TRUE,Francis Vijay Narasimhan Rangarajan,homem,02/06/17,TRUE,TRUE,SES Avenida das Nações quadra 801 conjunto K lote 8 - 70.408-900 - Brasília / DF,press.brasilia@fco.gov.uk,,o dia em que é comemorado o aniversário da Rainha. Esse dia muda a cada ano.
Rep. Centro-Africana,República Centro-Africana,República,,,01/12,FALSE,FALSE,FALSE,FALSE,FALSE,FALSE,FALSE,FALSE,,
Rep. Dominicana,República Dominicana,República,,,27/02,TRUE,Alejandro Arias Zarzuela,homem,13/04/15,TRUE,TRUE,SHIS QL 6 conjunto 7 casa 2 – Lago Sul - 71.620-075 - Brasília / DF,embaixada@republicadominicana.org.br,,
Rep. Tcheca,República Tcheca,República,Europa Central,Europa,28/10,TRUE,Sandra Lang Linkensederová,mulher,29/05/18,TRUE,TRUE,"SES Quadra 805 Via L3 Sul, Lote 21 A, Asa Sul - 70200-901 - Brasília / DF",brasilia@embassy.mzv.cz ,embaixadatcheca@gmail.com,
Romênia,Romênia,FALSE,,,01/12,TRUE,Stefan Mera,homem,29/09/16,TRUE,TRUE,"SEN Avenida das Nações lote 6, quadra 801 - 70.800-917 - Brasília / DF",brasilia@mae.ro,,
Ruanda,República de Ruanda,República,,,01/07,TRUE,James Kimonyo,homem,05/05/10,FALSE,FALSE,FALSE,FALSE,,
Rússia,Federação da Rússia,Federação,,,12/06,TRUE,Sergey Pogóssovitch Akopov,homem,24/03/10,TRUE,TRUE,SES Avenida das Nações quadra 801 lote A - 70.476-900 - Brasília / DF,embassy.brasil@mid.ru,,
Samoa,Estado Independente de Samoa,Estado,,,01/06,FALSE,FALSE,FALSE,FALSE,FALSE,FALSE,FALSE,FALSE,,
San Marino,República de San Marino,República,,,03/09,TRUE,Filippo Francini,homem,17/06/13,FALSE,FALSE,FALSE,ffrancini@hotmail.com,,
Santa Lúcia,Santa Lúcia,FALSE,,,22/02,FALSE,FALSE,FALSE,FALSE,FALSE,FALSE,FALSE,FALSE,,
Santa Sé/Vaticano,Santa Sé / Estado da Cidade do Vaticano,Estado,,,13/03,FALSE,FALSE,FALSE,FALSE,FALSE,TRUE,SES Avenida das Nações quadra 801 lote 1 - 70.401-900 - Brasília / DF,nunapost@solar.com.br,,
São Cristóvão e Névis,"Federação de São Cristóvão e Névis
",Federação,,,19/09,FALSE,FALSE,FALSE,FALSE,FALSE,FALSE,FALSE,FALSE,,
São Tomé e Príncipe,República Democrática de São Tomé e Príncipe,República,,,12/07,FALSE,FALSE,FALSE,FALSE,FALSE,FALSE,FALSE,FALSE,,
São Vicente e Granadinas,São Vicente e Granadinas,FALSE,,,27/10,TRUE,Andreas Wickham,homem,06/05/15,FALSE,FALSE,FALSE,embasvgven@gmail.com,,
Seicheles,República das Seicheles,República,África Oriental,África,29/06,TRUE,Marie-Louise Potter,mulher,21/02/14,FALSE,FALSE,FALSE,FALSE,,
Senegal,República do Senegal,República,África Ocidental,África,04/04,TRUE,Fatoumata Binetou Rassoul Correa,mulher,11/11/16,TRUE,TRUE,SEN Avenida das Nações lote 18 - 70.800-400 – Brasília / DF,senebrasilia@senebrasilia.org.br,,
Serra Leoa,República da Serra Leoa,República,,,27/04,TRUE,Bockari Kortu Stevens,homem,18/08/09,FALSE,FALSE,FALSE,FALSE,,
Sérvia,República da Sérvia,República,,,15/02,TRUE,Veljko Lazic,homem,18/08/14,TRUE,TRUE,SES Avenida das Nações quadra 803 lote 15 - 70.409-900 - Brasília / DF,embaixadaservia@terra.com.br,,
Singapura,República de Singapura,República,,,09/08,TRUE,Sam Goi Seng Hui,homem,05/09/18,TRUE,TRUE,SHIS QL 24 conjunto 3 casa 11 - Lago Sul - 71.665-035 - Brasília / DF,singemb_bsb@mfa.sg,,
Síria,República Árabe da Síria,República Árabe,,,17/04,FALSE,FALSE,FALSE,FALSE,FALSE,TRUE,SEN Avenida das Nações lote 11 - 70.434-900 - Brasília / DF,embsiria@uol.com.br,,
Somália,República Democrática da Somália,República,,,01/07,FALSE,FALSE,FALSE,FALSE,FALSE,FALSE,FALSE,FALSE,,
Sri Lanka,República Democrática Socialista do Sri Lanka,República,,,04/02,TRUE,Musthafa Mohamed Jaffeer,homem,31/08/18,TRUE,TRUE,"SHIS QI 26 conjunto 11, casa 18 - Brasília / DF - CEP: 71.670-110",lankaemb.br@gmail.com,slemb.brasilia@mfa.gov.lk,
Eswatini (Suazilândia),Reino de Eswatini,Reino,,,06/09,TRUE,Abednego Ntshangase,homem,20/06/12,FALSE,FALSE,FALSE,FALSE,,
Sudão,República do Sudão,República,,,01/01,TRUE,Abdelmoniem Ahmed Alamin Alhussain,homem,29/08/17,TRUE,TRUE,SHIS QI 11 conjunto 5 casa 13 - Lago Sul - 71.625-250 - Brasilia / DF,sudaninbrasilia@gmail.com,sudaninbrazil@gmail.com,
Sudão do Sul,República do Sudão do Sul,República,,,09/07,FALSE,FALSE,FALSE,FALSE,FALSE,FALSE,FALSE,FALSE,,
Suécia,Reino da Suécia,Reino,Europa do Norte,Europa,06/06,TRUE,Johanna Brismar Skoog,mulher,06/09/19,TRUE,TRUE,SES Avenida das Nações quadra 807 lote 29 - 70.419-900 - Brasília / DF,ambassaden.brasilia@gov.se,,
Suíça,Confederação Suíça,Confederação,,,01/08,TRUE,Andrea Semadeni,homem,30/10/17,TRUE,TRUE,SES Avenida das Nações quadra 811 lote 41 - CEP: 70.448-900 - Brasília / DF,brasilia@eda.admin.ch,,
Suriname,República do Suriname,República,,,25/11,TRUE,Marlon Faisal Mohamed-Hoesein,homem,21/01/11,TRUE,TRUE,SHIS QI 09 conjunto 08 casa 24 – Lago Sul - 71.625-080 - Brasília / DF,surinameemb@terra.com.br,,
Tajiquistão,República do Tajiquistão,República,,,09/09,FALSE,FALSE,FALSE,FALSE,FALSE,FALSE,FALSE,FALSE,,
Tailândia,Reino da Tailândia,Reino,Sudeste Asiático,Ásia,05/12,TRUE,Nitivadee Manitkul,mulher,18/12/19,TRUE,TRUE,SEN Avenida das Nações lote 10 - 70.800-912 - Brasília / DF,thaiemb@mfa.go.th,thaiembbrazil@gmail.com,
Tanzânia,República Unida da Tanzânia,República,,,26/04,TRUE,Emmanuel John Nchimbi,homem,16/02/17,TRUE,TRUE,SHIS QI 09 conjunto 16 casa 20 – Lago Sul - 71.615-190 - Brasília / DF,tanrepbrasilia@yahoo.com.br,,
Timor-Leste,República Democrática de Timor-Leste,República,,,28/11,TRUE,Olímpio Maria Alves Gomes Miranda Branco,homem,01/10/2019,TRUE,TRUE,SHIS QL 02 conjunto 01 casa 08 – Lago Sul - 71.610-015 - Brasília / DF,embaixadatl.brasil@gmail.com,,
Togo,República Togolesa,República,,,27/04,FALSE,FALSE,FALSE,FALSE,FALSE,TRUE,"SHIS QI 11 conjunto 09, casa 10 - Lago Sul - CEP: 71.600-000 - Brasília/DF",ambastogo.bresil@yahoo.com ,,
Tonga,Reino de Tonga,Reino,,,04/11,FALSE,FALSE,FALSE,FALSE,FALSE,FALSE,FALSE,FALSE,,
Trinidad e Tobago,República de Trinidad e Tobago,República,,,31/08,TRUE,Amery Arthur Browne,homem,14/06/16,TRUE,TRUE,SHIS QL 2 conjunto 2 casa 1 – Lago Sul - 71.665-028 - Brasília / DF,trinbagoemb@gmail.com,,
Tunísia,República da Tunísia,República,,,20/03,TRUE,Mohamed Hedi Soltani,homem,09/01/17,TRUE,TRUE,SHIS QL 06 - Conjunto 05 - Casa 12 – Lago Sul - 71.620-055 - Brasília / DF,tn.brasilia@gmail.com,tn.adm.brasilia@gmail.com,
Turcomenistão,Turcomenistão,FALSE,Ásia Central,Ásia,27/10,TRUE,Aksoltan Atayeva,mulher,14/05/12,FALSE,FALSE,FALSE,turkmenistan@un.int,,
Turquia,República da Turquia,República,,,20/09,TRUE,Murat Yavuz Ates,homem,22/01/19,TRUE,TRUE,"SES Avenida das Nações, Quadra 805, Lote 23 - 70.452-900 - Brasília / DF",embassy.brasilia@mfa.gov.tr,,
Tuvalu,Tuvalu,FALSE,,,01/10,FALSE,FALSE,FALSE,FALSE,FALSE,FALSE,FALSE,FALSE,,
Ucrânia,Ucrânia,FALSE,,,24/08,TRUE,Rostyslav Volodymyrovytch Tronenko,homem,23/04/12,TRUE,TRUE,SHIS QI 5 conjunto 4 casa 2 – Lago Sul - 71.615-040 - Brasília / DF,emb_br@mfa.gov.ua,,
Uganda,República de Uganda,República,,,09/10,TRUE,Perezi K. Kamunanwire,homem,17/05/07,FALSE,FALSE,FALSE,FALSE,,
União Europeia,Delegação da União Europeia,Outros,,,09/05,TRUE,Ignacio Ybáñez Rubio,homem,17/07/19,TRUE,TRUE,SHIS QI 7 Bloco A - Lago Sul - 71.615-710 - Brasília - DF,delegation-brazil@eeas.europa.eu,,
Uruguai,República Oriental do Uruguai,República,,,25/08,TRUE,Gustavo Vanerio Balbela,homem,26/09/17,TRUE,TRUE,SES Avenida das Nações quadra 803 lote 14 - 70.450-900 – Brasília / DF,urubras@emburuguai.org.br,,
Uzbequistão,República do Uzbequistão,República,,,01/09,FALSE,FALSE,FALSE,FALSE,FALSE,FALSE,FALSE,embassy@uzbekistan.org,,
Vanuatu,República de Vanuatu,República,,,30/07,FALSE,FALSE,FALSE,FALSE,FALSE,FALSE,FALSE,FALSE,,
Venezuela,República Bolivariana da Venezuela,República,América do Sul,América,05/07,TRUE,Sra. María Teresa Belandria Expósito,mulher,11/02/19,TRUE,TRUE,SES Avenida das Nações quadra 803 lote 13 - 70.415-900 – Brasília / DF,embajadaveenbr@gmail.com,,
Vietnã,República Socialista do Vietnã,República,Sudeste Asiático,Ásia,02/09,TRUE,Pham Thi Kim,mulher,15/06/20,TRUE,TRUE,SHIS QI 9 conjunto 10 casa 1 – Lago Sul - 71.625-100 – Brasília / DF,embavina@yahoo.com,embavina@uol.com.br,
Zâmbia,República da Zâmbia,República,África Austral,África,24/09,TRUE,Alfreda Chilekwa Kansembe Mwamba,mulher,19/12/17,TRUE,TRUE,SHIS QL 10 conj 10 casa 17 - 71.630-105 - Brasília / DF,zambiansbrasil@embaixadazambia.org.br,,
Zimbábue,República do Zimbábue,República,,,18/04,TRUE,Gumisai Gideon Gapare,homem,02/09/19,TRUE,TRUE,SHIS QI 3 conj 10 casa 13 - 71.605-300 - Brasília / DF,zimbrasilia@uol.com.br,,